commonName,scientificName,webpage,imageUrl,attribution,licenseCode,licenseUrl
Amberjack,Seriola dumerili,https://commons.wikimedia.org/wiki/File:Fish4446_-_Flickr_-_NOAA_Photo_Library.jpg,https://upload.wikimedia.org/wikipedia/commons/2/29/Fish4446_-_Flickr_-_NOAA_Photo_Library.jpg,"Greater amberjack ( Seriola dumerili ). Gulf of Mexico. By SEFSC Pascagoula Laboratory; Collection of Brandi Noble, NOAA/NMFS/SEFSC.",Public Domain,
Australian bass,Macquaria novemaculeata,http://fishesofaustralia.net.au/home/species/3233,http://fishesofaustralia.net.au/Images/Image/MacquarNovemaculDavidPaul.jpg,"An Australian Bass, Macquaria novemaculeata, from the Mitchell River, Victoria. By David Paul / Museum Victoria.",CC BY 3.0,https://creativecommons.org/licenses/by/3.0/
Australian bonito,Sarda australis,,,,,
Barred cheek coral trout,Plectropomus maculatus,http://fishesofaustralia.net.au/home/species/4519,http://fishesofaustralia.net.au/Images/Image/PlectropomMaculatusKennethKFoster.jpg,"A Barcheek Coral Trout, Plectropomus maculatus, from Pearl Reef off Innisfail, Great Barrier Reef, Queensland. By Kenneth Foster / Atlas of Living Australia.",CC BY 3.0,https://creativecommons.org/licenses/by/3.0/
Barred javelin,Pomadasys kaakan,http://www.fishbase.us/photos/ThumbnailsSummary.php?Genus=Pomadasys&Species=kaakan#,http://d1iraxgbwuhpbw.cloudfront.net/tools/uploadphoto/uploads/1375689534_182.52.96.47.jpg,"Thailand, Kampuan mangrove forest at Amphoe Suksamran, Ranong province, southern Thailand, 2010, 120.5mmSL , by Sahat Ratmuangkhwang.",CC BY 3.0,https://creativecommons.org/licenses/by/3.0/
Barred queenfish,Scomberoides tala,http://www.fishbase.us/photos/ThumbnailsSummary.php?Genus=Scomberoides&Species=tala#,http://d1iraxgbwuhpbw.cloudfront.net/tools/uploadphoto/uploads/1383499001_182.178.79.98.jpg,"Pakistan, Karachi, 1-11-13, 57 cm, by Hamid Badar Osmany.",CC BY 3.0,https://creativecommons.org/licenses/by/3.0/
Bartailed flathead,Platycephalus indicus,http://www.fishbase.us/photos/ThumbnailsSummary.php?Genus=Platycephalus&Species=indicus#,http://d1iraxgbwuhpbw.cloudfront.net/tools/uploadphoto/uploads/1382639345_182.178.109.120.jpg,"Pakistan, Karachi, 24-10-2013, 27 cm, by Hamid Badar Osmany.
",CC BY 3.0,https://creativecommons.org/licenses/by/3.0/
,,http://www.fishbase.us/photos/ThumbnailsSummary.php?Genus=Platycephalus&Species=indicus#,http://d1iraxgbwuhpbw.cloudfront.net/tools/uploadphoto/uploads/1355298401_182.52.97.59.jpg,"Thailand, Kampuan mangrove forest at Amphoe Suksamran, Ranong province, southern Thailand, 2010, 95.4mmSL, by Sahat Ratmuangkhwang.",CC BY 3.0,https://creativecommons.org/licenses/by/3.0/
Bigeye trevally,Caranx sexfasciatus,http://www.fishbase.us/photos/ThumbnailsSummary.php?Genus=Caranx&Species=sexfasciatus#,http://d1iraxgbwuhpbw.cloudfront.net/tools/uploadphoto/uploads/1415682009_118.103.236.195.jpg,"Pakistan, Off Ghora Bari, Sindh, 6th November 2014, by Muhammad Moazzam Khan.",CC BY 3.0,https://creativecommons.org/licenses/by/3.0/
Black jewfish,Protonibea diacanthus,http://www.fishbase.us/photos/ThumbnailsSummary.php?Genus=Protonibea&Species=diacanthus#,http://d1iraxgbwuhpbw.cloudfront.net/tools/uploadphoto/uploads/1367063253_182.178.95.31.jpg,"Pakistan, Indian ocean,RV Fridtjofnanason,16-10-11-2010,, by Hamid Badar Osmany.",CC BY 3.0,https://creativecommons.org/licenses/by/3.0/
Blackbanded amberjack,Seriolina nigrofasciata,http://www.fishbase.us/photos/ThumbnailsSummary.php?Genus=Seriolina&Species=nigrofasciata#,http://d1iraxgbwuhpbw.cloudfront.net/tools/uploadphoto/uploads/1486626564_172.68.106.90.jpg,"Thailand, Kuraburi Fishing Pier, Kurabur of Phang Nga, Andaman coast of Thailand, Collected in Feb-June 2016, 106 mm SL, by Sahat Ratmuangkhwang (Andaman Coastal Research Station for Development, Faculty of Fisheries, Kasetsart University).",CC BY 3.0,https://creativecommons.org/licenses/by/3.0/
Blackspotted rockcod (estuary cod),Epinephelus malabaricus,http://www.fishbase.us/photos/ThumbnailsSummary.php?Genus=Epinephelus&Species=malabaricus#,http://d1iraxgbwuhpbw.cloudfront.net/tools/uploadphoto/uploads/1372097674_182.178.125.98.jpg,"Pakistan, Karachi, 20-6-13, 34 cm, by Hamid Badar Osmany.",CC BY 3.0,https://creativecommons.org/licenses/by/3.0/
Blue threadfin,Eleutheronema tetradactylum,http://www.fishbase.us/photos/ThumbnailsSummary.php?Genus=Eleutheronema&Species=tetradactylum#,http://d1iraxgbwuhpbw.cloudfront.net/tools/uploadphoto/uploads/1458209259_210.212.251.114.jpg,"India, Mandapam(Palk bay), 11 March 2016, TL 29cm, by Raju Saravanan.",CC BY 3.0,https://creativecommons.org/licenses/by/3.0/
Cobia,Rachycentron canadum,http://fishesofaustralia.net.au/home/species/4421,http://fishesofaustralia.net.au/Images/Image/RachycentronCanadum.jpg,"A female broodstock Cobia, Rachycentron canadum, approximately 8 kilograms in weight. By Rosenstiel School of Marine and Atmospheric Science.",CC BY 3.0,https://creativecommons.org/licenses/by/3.0/
Diamondscale mullet,Ellochelon vaigiensis,http://www.fishbase.us/photos/ThumbnailsSummary.php?Genus=Ellochelon&Species=vaigiensis#,http://d1iraxgbwuhpbw.cloudfront.net/tools/uploadphoto/uploads/1365438549_182.178.107.70.jpg,"Pakistan, Karachi, 14-9-2011, 30 cm, by Hamid Badar Osmany.",CC BY 3.0,https://creativecommons.org/licenses/by/3.0/
Frypan bream,Argyrops spinifer,http://www.fishbase.us/photos/ThumbnailsSummary.php?Genus=Argyrops&Species=spinifer#,http://d1iraxgbwuhpbw.cloudfront.net/tools/uploadphoto/uploads/1369713016_182.52.96.15.jpg,"Thailand, Kampuan market, Suksamran, Ranong , southern Thailand 2010,220.0mmSL, by Sahat Ratmuangkhwang.",CC BY 3.0,https://creativecommons.org/licenses/by/3.0/
Giant queenfish,Scomberoides commersonnianus,http://www.fishbase.us/photos/ThumbnailsSummary.php?Genus=Scomberoides&Species=commersonnianus#,http://d1iraxgbwuhpbw.cloudfront.net/tools/uploadphoto/uploads/1502869642_172.68.144.213.jpg,"Pakistan, Offshore waters of Pakistan, 24 April 2017 (24 45.4000N; 66 07.300E) Photo Amir rahim Observer, by Muhammad Moazzam Khan.",CC BY 3.0,https://creativecommons.org/licenses/by/3.0/
Giant trevally,Caranx ignobilis,https://commons.wikimedia.org/wiki/File:Caranx_ignobilis.jpg,https://upload.wikimedia.org/wikipedia/commons/e/ed/Caranx_ignobilis.jpg,"Giant trevally (Caranx ignobilis) by Dr. Dwayne Meadows, NOAA/NMFS/OPR.",Public Domain,
Golden trevally,Gnathanodon speciosus,http://www.fishbase.us/photos/ThumbnailsSummary.php?Genus=Gnathanodon&Species=speciosus#,http://d1iraxgbwuhpbw.cloudfront.net/tools/uploadphoto/uploads/1486527210_172.68.106.90.jpg,"Thailand, Trap Pirm Poom Market of Suksamran, Ranong, Andaman coast of Thailand - 158 mm SL Collected in 2016 , by Sahat Ratmuangkhwang.",CC BY 3.0,https://creativecommons.org/licenses/by/3.0/
,,https://commons.wikimedia.org/wiki/File:Gnathanodon_speciosus_1.jpg,https://upload.wikimedia.org/wikipedia/commons/e/e1/Gnathanodon_speciosus_1.jpg,Photo of Gnathanodon speciosus (golden trevalley) at the Birch Aquarium in San Diego by Stan Shebs.,CC BY-SA 3.0,https://creativecommons.org/licenses/by-sa/3.0/deed.en
Goldenline whiting,Sillago analis,,,,,
Goldspotted rockcod (estuary cod),Epinephelus coioides,http://www.fishbase.us/photos/ThumbnailsSummary.php?Genus=Epinephelus&Species=coioides#,http://d1iraxgbwuhpbw.cloudfront.net/tools/uploadphoto/uploads/1355803751_182.52.96.78.jpg,"Thailand, Kampuan mangrove forest at Amphoe Suksamran, Ranong province, southern Thailand, 2010, 146.6mmSL, by Sahat Ratmuangkhwang.",CC BY 3.0,https://creativecommons.org/licenses/by/3.0/
Grass emperor (sweetlip),Lethrinus laticaudis,,,,,
Great barracuda,Sphyraena barracuda,http://www.fishbase.us/photos/ThumbnailsSummary.php?Genus=Sphyraena&Species=barracuda#,http://d1iraxgbwuhpbw.cloudfront.net/tools/uploadphoto/uploads/1366508120_182.178.98.245.jpg,"Pakistan, Karachi, 18-4-2013, 71 cm, Assist by Kashifa Zohra, by Hamid Badar Osmany.",CC BY 3.0,https://creativecommons.org/licenses/by/3.0/
Highfin amberjack,Seriola rivoliana,http://www.fishbase.us/photos/ThumbnailsSummary.php?Genus=Seriola&Species=rivoliana#,http://d1iraxgbwuhpbw.cloudfront.net/tools/uploadphoto/uploads/1367490385_39.48.178.157.jpg,"Pakistan, Off Malan, April 30, 2013, by Muhammad Moazzam Khan.",CC BY 3.0,https://creativecommons.org/licenses/by/3.0/
Leaping bonito,Cybiosarda elegans,,,,,
Lesser queenfish,Scomberoides lysan,http://www.fishbase.us/photos/ThumbnailsSummary.php?Genus=Scomberoides&Species=lysan#,http://d1iraxgbwuhpbw.cloudfront.net/tools/uploadphoto/uploads/1369669986_182.178.6.170.jpg,"Pakistan, Karachi, 27-5-2013, 58 cm, by Hamid Badar Osmany.",CC BY 3.0,http://creativecommons.org/licenses/by/3.0/
Longtail tuna,Thunnus tonggol,http://www.fishbase.us/photos/ThumbnailsSummary.php?Genus=Thunnus&Species=tonggol#,http://d1iraxgbwuhpbw.cloudfront.net/tools/uploadphoto/uploads/1367491467_39.48.178.157.jpg,"Pakistan, Off Ormara; April 13, 2013, by Muhammad Moazzam Khan.",CC BY 3.0,https://creativecommons.org/licenses/by/3.0/
Mackerel tuna,Euthynnus affinis,http://www.fishbase.us/photos/ThumbnailsSummary.php?Genus=Euthynnus&Species=affinis#,http://d1iraxgbwuhpbw.cloudfront.net/tools/uploadphoto/uploads/1501818780_141.101.88.192.jpg,"Pakistan, Off Ormara; April 13, 2013, by Muhammad Moazzam Khan.",CC BY 3.0,http://creativecommons.org/licenses/by/3.0/
Mahi mahi,Coryphaena hippurus,http://www.fishbase.us/photos/ThumbnailsSummary.php?Genus=Coryphaena&Species=hippurus#,http://d1iraxgbwuhpbw.cloudfront.net/tools/uploadphoto/uploads/coryphaenahippurus.jpg,"Pakistan, Karachi Fish harbour, 23 April, 2011, 59 cm collected and photographed by Hamid Badar Osmany, by Muhammad Moazzam Khan.",CC BY 3.0,http://creativecommons.org/licenses/by/3.0/
Mangrove jack,Lutjanus argentimaculatus,https://commons.wikimedia.org/wiki/File:Lutjanus_argentimaculatus_JNC2123_New_Caledonia.JPG,https://upload.wikimedia.org/wikipedia/commons/7/7f/Lutjanus_argentimaculatus_JNC2123_New_Caledonia.JPG,"Lutjanus argentimaculatus. Locality: Grande Rade, off Nouméa, New Caledonia. Fork length 445 mm, Weight 1,200 grams, date 5 March 2007. By Jean-Lou Justine.",CC BY-SA 4.0,https://creativecommons.org/licenses/by-sa/4.0/deed.en
,,http://www.fishbase.us/photos/ThumbnailsSummary.php?Genus=Lutjanus&Species=argentimaculatus#,http://d1iraxgbwuhpbw.cloudfront.net/tools/uploadphoto/uploads/1355891122_182.52.97.28.jpg,"Thailand, Kampuan mangrove forest at Amphoe Suksamran, Ranong province, southern Thailand, 2010, 116.6mmSL, by Sahat Ratmuangkhwang.",CC BY 3.0,https://creativecommons.org/licenses/by/3.0/deed.en
,,http://www.fishbase.us/photos/ThumbnailsSummary.php?Genus=Lutjanus&Species=argentimaculatus#,http://d1iraxgbwuhpbw.cloudfront.net/tools/uploadphoto/uploads/1355890582_182.52.97.28.jpg,"Thailand, Kampuan mangrove forest at Amphoe Suksamran, Ranong province, southern Thailand, 2010, 35.5mmSL, by Sahat Ratmuangkhwang. CC-BY 3.0.",CC BY 3.0,https://creativecommons.org/licenses/by/3.0/deed.en
Needleskin queenfish,Scomberoides tol,http://www.fishbase.us/photos/ThumbnailsSummary.php?Genus=Scomberoides&Species=tol#,http://d1iraxgbwuhpbw.cloudfront.net/tools/uploadphoto/uploads/1369625195_182.52.96.230.jpg,"Thailand, Kampuan market, Suksamran, Ranong , southern Thailand 2010,245.0mmSL, by Sahat Ratmuangkhwang.",CC BY 3.0,http://creativecommons.org/licenses/by/3.0/
Northern sand flathead,Platycephalus arenarius,,,,,
Northern whiting,Sillago sihama,http://www.fishbase.us/photos/ThumbnailsSummary.php?Genus=Sillago&Species=sihama#,http://d1iraxgbwuhpbw.cloudfront.net/tools/uploadphoto/uploads/1355811796_182.52.96.78.jpg,"Thailand, Kampuan mangrove forest at Amphoe Suksamran, Ranong province, southern Thailand, 2010, 90.3mmSL, by Sahat Ratmuangkhwang.",CC BY 3.0,http://creativecommons.org/licenses/by/3.0/
Pearl perch,Glaucosoma scapulare,,,,,
Pikey bream,Acanthopagrus pacificus,,,,,
River garfish,Hyporhamphus regularis,,,,,
River perch,Johniops vogleri,,,,,
Samsonfish,Seriola hippos,https://commons.wikimedia.org/wiki/File:Samson_fish.JPG,https://upload.wikimedia.org/wikipedia/commons/2/2a/Samson_fish.JPG,Samson fish (Seriola hippos) taken off Brusselton by Kare Kare.,CC BY-SA 3.0,https://creativecommons.org/licenses/by-sa/3.0/deed.en
Scaly jewfish,Nibea squammosa,,,,,
School mackerel,Scomberomorus queenslandicus,http://eol.org/data_objects/24892885,https://media.eol.org/content/2012/07/26/07/84644_orig.jpg,Scomberomorus queenslandicus by Alan Couch.,CC BY 2.0,https://creativecommons.org/licenses/by/2.0/
Scribbled rabbitfish,Siganus spinus,,,,,
Shark mackerel,Grammatorcynus bicarinatus,,,,,
Silver javelin,Pomadasys argenteus,,,,,
Silver jewfish,Nibea soldado,http://www.fishbase.us/photos/ThumbnailsSummary.php?Genus=Nibea&Species=soldado#,http://d1iraxgbwuhpbw.cloudfront.net/tools/uploadphoto/uploads/1369732558_182.52.96.15.jpg,"Thailand, Kampuan market, Suksamran, Ranong , southern Thailand 2010,175mmSL, by Sahat Ratmuangkhwang.",CC BY 3.0,http://creativecommons.org/licenses/by/3.0/
Small spotted dart,Trachinotus baillonii,http://www.fishbase.us/photos/ThumbnailsSummary.php?Genus=Trachinotus&Species=baillonii#,http://d1iraxgbwuhpbw.cloudfront.net/tools/uploadphoto/uploads/1458209509_210.212.251.114.jpg,"India, Pampan(Gulf of Mannar), 05 March2016, TL 23cm, by Raju Saravanan.",CC BY 3.0,http://creativecommons.org/licenses/by/3.0/
Snub-nosed dart,Trachinotus blochii,http://www.fishbase.us/photos/ThumbnailsSummary.php?Genus=Trachinotus&Species=blochii#,http://d1iraxgbwuhpbw.cloudfront.net/tools/uploadphoto/uploads/1476618470_162.158.31.220.jpg,"Pakistan, Pasni , 05-04-2016, 19 cm, by Asadullah Ali Muhammad.",CC BY 3.0,http://creativecommons.org/licenses/by/3.0/
Snubnose garfish,Arrhamphus sclerolepis,,,,,
Striped barracuda,Sphyraena obtusata,http://www.fishbase.us/photos/ThumbnailsSummary.php?Genus=Sphyraena&Species=obtusata#,http://d1iraxgbwuhpbw.cloudfront.net/tools/uploadphoto/uploads/1486713311_172.68.106.90.jpg,"By Sahat Ratmuangkhwang (Andaman Coastal Research Station for Development, Faculty of Fisheries, Kasetsart University).",CC BY 3.0,http://creativecommons.org/licenses/by/3.0/
Swallow-tailed dart,Trachinotus coppingeri,https://www.istockphoto.com/au/photo/swallow-tailed-dart-gm870975950-145446603,,,,
Tarwhine,Rhabdosargus sarba,http://www.fishbase.us/photos/ThumbnailsSummary.php?Genus=Rhabdosargus&Species=sarba#,http://d1iraxgbwuhpbw.cloudfront.net/tools/uploadphoto/uploads/1372263646_182.178.54.44.jpg,"Pakistan, Karachi, 26-6-13, 18 cm, by Hamid Badar Osmany.",CC BY 3.0,https://creativecommons.org/licenses/by/3.0/
Teraglin,Atractoscion aequidens,,,,,
Three-by-two garfish,Hemiramphus robustus,,,,,
Trumpeter (winter) whiting,Sillago maculata,https://www.istockphoto.com/au/photo/trumpeter-winter-whiting-gm694235068-128277799,,,,
Wahoo,Acanthocybium solandri,http://www.fishbase.us/photos/thumbnailssummary.php?ID=89#,https://upload.wikimedia.org/wikipedia/commons/2/2f/Acanthocybium_solandri_Pakistan.jpg,"Acanthocybium solandri collected off Ormara, Pakistan. Source: Muhammad Moazzam Khan.",CC BY 3.0,https://creativecommons.org/licenses/by/3.0/deed.en
Wolf herring,Chirocentrus dorab,http://fishesofaustralia.net.au/home/species/2081#summary,http://fishesofaustralia.net.au/Images/Image/ChirocentDorabJeanLouJustine.jpg,"A Dorab Wolf Herring, Chirocentrus dorab, from a fishmarket, Nouméa, New Caledonia, Aug 2010. Source: Jean-Lou Justine / Wikimedia Commons.",CC BY-SA 1.0,https://creativecommons.org/licenses/by-sa/1.0/
Yellowtailed flathead,Platycephalus endrachtensis,,,,,
Barramundi,Lates calcarifer,,http://www.fish.gov.au/fishgov/FishSearchService/FishGalleryImageRaw?mediaId=1097,Untitled Barramundi by Fisheries Research and Development Corporation.,CC BY 3.0 AU,https://creativecommons.org/licenses/by/3.0/au/deed.en
Dusky flathead,Platycephalus fuscus,,http://www.fish.gov.au/fishgov/FishSearchService/FishGalleryImageRaw?mediaId=1083,Untitled Dusky flathead 1 by Fisheries Research and Development Corporation.,CC BY 3.0 AU,https://creativecommons.org/licenses/by/3.0/au/deed.en
,,,http://www.fish.gov.au/fishgov/FishSearchService/FishGalleryImageRaw?mediaId=1084,Untitled Dusky flathead 2 by Fisheries Research and Development Corporation.,CC BY 3.0 AU,https://creativecommons.org/licenses/by/3.0/au/deed.en
Golden snapper (fingermark),Lutjanus johnii,,http://www.fish.gov.au/fishgov/FishSearchService/FishGalleryImageRaw?mediaId=1172,Untitled Golden snapper by Fisheries Research and Development Corporation.,CC BY 3.0 AU,https://creativecommons.org/licenses/by/3.0/au/deed.en
Grey mackerel,Scomberomorus semifasciatus,,http://www.fish.gov.au/fishgov/FishSearchService/FishGalleryImageRaw?mediaId=1274,Untitled Grey mackerel by Fisheries Research and Development Corporation.,CC BY 3.0 AU,https://creativecommons.org/licenses/by/3.0/au/deed.en
King threadfin,Polydactylus macrochir,,http://www.fish.gov.au/fishgov/FishSearchService/FishGalleryImageRaw?mediaId=1235,Untitled King threadfin by Fisheries Research and Development Corporation.,CC BY 3.0 AU,https://creativecommons.org/licenses/by/3.0/au/deed.en
Luderick,Girella tricuspidata,,http://www.fish.gov.au/fishgov/FishSearchService/FishGalleryImageRaw?mediaId=1208,Untitled Luderick by Fisheries Research and Development Corporation.,CC BY 3.0 AU,https://creativecommons.org/licenses/by/3.0/au/deed.en
Mulloway,Argyrosomus japonicus,,http://www.fish.gov.au/fishgov/FishSearchService/FishGalleryImageRaw?mediaId=1200,Untitled Mulloway by Fisheries Research and Development Corporation.,CC BY 3.0 AU,https://creativecommons.org/licenses/by/3.0/au/deed.en
Sand whiting,Sillago ciliata,,http://www.fish.gov.au/fishgov/FishSearchService/FishGalleryImageRaw?mediaId=1134,Untitled Sand whiting by Fisheries Research and Development Corporation.,CC BY 3.0 AU,https://creativecommons.org/licenses/by/3.0/au/deed.en
Sea mullet,Mugil cephalus,,http://www.fish.gov.au/fishgov/FishSearchService/FishGalleryImageRaw?mediaId=1226,Untitled Sea mullet by Fisheries Research and Development Corporation.,CC BY 3.0 AU,https://creativecommons.org/licenses/by/3.0/au/deed.en
Snapper,Chrysophrys auratus,,http://www.fish.gov.au/fishgov/FishSearchService/FishGalleryImageRaw?mediaId=1192,Untitled Snapper by Fisheries Research and Development Corporation.,CC BY 3.0 AU,https://creativecommons.org/licenses/by/3.0/au/deed.en
Spanish mackerel,Scomberomorus commerson,,http://www.fish.gov.au/fishgov/FishSearchService/FishGalleryImageRaw?mediaId=1265,Untitled Spanish mackerel by Fisheries Research and Development Corporation.,CC BY 3.0 AU,https://creativecommons.org/licenses/by/3.0/au/deed.en
Spotted mackerel,Scomberomorus munroi,,http://www.fish.gov.au/fishgov/FishSearchService/FishGalleryImageRaw?mediaId=1273,Untitled Spotted mackerel by Fisheries Research and Development Corporation.,CC BY 3.0 AU,https://creativecommons.org/licenses/by/3.0/au/deed.en
Stout whiting,Sillago robusta,,http://www.fish.gov.au/fishgov/FishSearchService/FishGalleryImageRaw?mediaId=1132,Untitled Stout whiting by Fisheries Research and Development Corporation.,CC BY 3.0 AU,https://creativecommons.org/licenses/by/3.0/au/deed.en
Tailor,Pomatomus saltatrix,,http://www.fish.gov.au/fishgov/FishSearchService/FishGalleryImageRaw?mediaId=1138,Untitled Tailor by Fisheries Research and Development Corporation.,CC BY 3.0 AU,https://creativecommons.org/licenses/by/3.0/au/deed.en
Yellowfin bream,Acanthopagrus australis,,http://www.fish.gov.au/fishgov/FishSearchService/FishGalleryImageRaw?mediaId=1195,Untitled Yellowfin bream by Fisheries Research and Development Corporation.,CC BY 3.0 AU,https://creativecommons.org/licenses/by/3.0/au/deed.en
Yellowfin tuna,Thunnus albacares,,http://www.fish.gov.au/fishgov/FishSearchService/FishGalleryImageRaw?mediaId=1260,Untitled Yellowfin tuna by Fisheries Research and Development Corporation.,CC BY 3.0 AU,https://creativecommons.org/licenses/by/3.0/au/deed.en
Yellowtail kingfish,Seriola lalandi,,http://www.fish.gov.au/fishgov/FishSearchService/FishGalleryImageRaw?mediaId=1142,Untitled Yellowtail kingfish by Fisheries Research and Development Corporation.,CC BY 3.0 AU,https://creativecommons.org/licenses/by/3.0/au/deed.en
Blue tuskfish,Choerodon cyanodus,UserImage,,,,
Blue maori,Epinephelus cyanopodus,http://fishesofaustralia.net.au/home/species/4666,http://fishesofaustralia.net.au/Images/Image/EpinephCyanopodAndyLewis.jpg,"A Purple Rockcod, Epinephelus cyanopodus, at Lizard Island, Great Barrier Reef, Queensland, March 2006. Source: Andy Lewis / http://lifg.australianmuseum.net.au/",CC BY 3.0,https://creativecommons.org/licenses/by/3.0/
Northern saratoga,Scleropages jardinii,,,,,
Painted sweetlips,Diagramma pictum,http://www.fishbase.us/photos/ThumbnailsSummary.php?Genus=Diagramma&Species=pictum#,https://d1iraxgbwuhpbw.cloudfront.net/tools/uploadphoto/uploads/1371884158_182.178.57.199.jpg,"Pakistan, Karachi, 19-6-13, 28 cm, by Hamid Badar Osmany",CC-BY,https://creativecommons.org/licenses/by/3.0/
,,http://www.fishbase.us/photos/ThumbnailsSummary.php?Genus=Diagramma&Species=pictum#,http://www.fishbase.us/tools/UploadPhoto/uploads/1371884176_182.178.57.199.jpg,"Pakistan, Karachi, 19-6-13, 28 cm, by Hamid Badar Osmany",CC-BY,https://creativecommons.org/licenses/by/3.0/
,,http://www.fishbase.us/photos/ThumbnailsSummary.php?Genus=Diagramma&Species=pictum#,http://www.fishbase.us/tools/UploadPhoto/uploads/1406827531_39.44.171.156.jpg,"Pakistan, Karachi, 22-5-14, 18 cm, by Hamid Badar Osmany",CC-BY,https://creativecommons.org/licenses/by/3.0/
,,http://www.fishbase.us/photos/ThumbnailsSummary.php?Genus=Diagramma&Species=pictum#,http://www.fishbase.us/tools/UploadPhoto/uploads/1406827610_39.44.171.80.jpg,"Pakistan, Karachi, 22-5-14, 18 cm, by Hamid Badar Osmany",CC-BY,https://creativecommons.org/licenses/by/3.0/
Spanish flag,Lutjanus carponotatus,http://fishesofaustralia.net.au/home/species/552,http://fishesofaustralia.net.au/Images/Image/LutjanCarponotKennethKFoster.jpg,"A Stripey Snapper, Lutjanus carponotatus, from Peart Reef off Innisfail, Queensland. Source: Kenneth Foster / Atlas of Living Australia.",CC BY 3.0,https://creativecommons.org/licenses/by/3.0/
Black-tipped rockcod,Epinephelus fasciatus, https://commons.wikimedia.org/w/index.php?curid=25564505,https://upload.wikimedia.org/wikipedia/commons/8/8d/Epinephelus_fasciatus_JNC1509.JPG,By Jean-Lou Justine - Own work,CC BY-SA 3.0,https://creativecommons.org/licenses/by-sa/3.0/
Queensland groper,Epinephelus lanceolatus,http://www.fishbase.us/photos/ThumbnailsSummary.php?Genus=Epinephelus&Species=lanceolatus,http://www.fishbase.us/tools/UploadPhoto/uploads/1341073124_119.73.64.228.jpg,"Pakistan, Karachi Fish Harbour, Commercial landings, 51 cm, Collected and photographed by H. B. Osmany, by Muhammad Moazzam Khan",CC-BY,https://creativecommons.org/licenses/by/3.0/
,,http://www.fishbase.us/photos/ThumbnailsSummary.php?Genus=Epinephelus&Species=lanceolatus,http://www.fishbase.us/tools/UploadPhoto/uploads/1379837360_182.178.9.105.jpg,"Pakistan, Karachi, 18-9-13, 34 cm, by Hamid Badar Osmany",CC-BY,https://creativecommons.org/licenses/by/3.0/
,,http://www.fishbase.us/photos/ThumbnailsSummary.php?Genus=Epinephelus&Species=lanceolatus,http://www.fishbase.us/tools/UploadPhoto/uploads/1379837409_182.178.9.105.jpg,"Pakistan, Karachi, 18-9-13, 34 cm, by Hamid Badar Osmany",CC-BY,https://creativecommons.org/licenses/by/3.0/
Dark tailed seaperch,Lutjanus lemniscatus,http://www.fishbase.us/photos/ThumbnailsSummary.php?Genus=Lutjanus&Species=lemniscatus#,http://www.fishbase.us/tools/UploadPhoto/uploads/1381257471_182.178.76.217.jpg,"Pakistan, Karachi, 28-9-13, 38 cm, by Hamid Badar Osmany",CC-BY,https://creativecommons.org/licenses/by/3.0/
Buffalo emperor,Lethrinus erythracanthus,http://www.fishbase.us/photos/ThumbnailsSummary.php?Genus=Lethrinus&Species=erythracanthus#,http://www.fishbase.us/tools/UploadPhoto/uploads/Lethrinus_erythracanthus_2.jpg,"Maldives, Mirihi, Jan, 2012, by Rainer Kretzberg",CC-BY,https://creativecommons.org/licenses/by/3.0/
Blue spotted coral trout,Plectropomus laevis,https://commons.wikimedia.org/wiki/Plectropomus_laevis#/media/File:Plectropomus_laevis.jpg,https://upload.wikimedia.org/wikipedia/commons/7/7e/Plectropomus_laevis.jpg,"A Footballer Cod (Plectropomus laevis). Wheeler Reef, Great Barrier Reef. Richard Ling - Flickr.",CC BY-SA 2.0,https://creativecommons.org/licenses/by-sa/2.0
Saddletail snapper,Lutjanus malabaricus,,http://www.fish.gov.au/fishgov/FishSearchService/FishGalleryImageRaw?mediaId=1166,Untitled Saddletail snapper by Fisheries Research and Development Corporation.,CC BY 3.0 AU,https://creativecommons.org/licenses/by/3.0/au/deed.en
Khaki grunter,Hephaestus tulliensis,,,,,
Red throat emperor,Lethrinus miniatus,,http://www.fish.gov.au/fishgov/FishSearchService/FishGalleryImageRaw?mediaId=1190,Untitled Red throat emperor by Fisheries Research and Development Corporation.,CC BY 3.0 AU,https://creativecommons.org/licenses/by/3.0/au/deed.en
,,,http://www.fish.gov.au/fishgov/FishSearchService/FishGalleryImageRaw?mediaId=909,Untitled Red throat emperor by Fisheries Research and Development Corporation.,CC BY 3.0 AU,https://creativecommons.org/licenses/by/3.0/au/deed.en
Starry flounder,Platichthys stellatus,http://www.fishbase.us/photos/ThumbnailsSummary.php?Genus=Platichthys&Species=stellatus#,http://www.fishbase.us/tools/UploadPhoto/uploads/1343525960_207.6.177.29.jpg,"Belcarra Bay, Indian Arm, 28th July, 2012, 43.0 TL, by Tim Loh",CC-BY,https://creativecommons.org/licenses/by/3.0/
Shortfin batfish,Zabidius novemaculeatus,,,,,
Black reef leatherjacket,Eubalichthys bucephalus,UserImage,,,,
Papuan jawfish,Opistognathus papuensis,http://fishesofaustralia.net.au/home/species/3493,http://fishesofaustralia.net.au/Images/Image/OpistognPapuaensAdamMattner.jpg,"A Papuan Jawfish, Opistognathus papuensis, from off Channel Island Road, Wickham, Northern Territory, January 2016. Source: Adam Mattner / Atlas of Living Australia.",CC BY 3.0,https://creativecommons.org/licenses/by/3.0/
Brown sweetlips,Plectorhinchus gibbosus,http://www.fishbase.us/photos/ThumbnailsSummary.php?Genus=Plectorhinchus&Species=gibbosus#,http://www.fishbase.us/tools/UploadPhoto/uploads/1369709383_182.52.96.15.jpg,"Thailand, Kampuan market, Suksamran, Ranong , southern Thailand 2010,220.0mmSL, by Sahat Ratmuangkhwang",CC-BY,https://creativecommons.org/licenses/by/3.0/
Sand bass,Psammoperca waigiensis,,,,,
Reef stonefish,Synanceia verrucosa,https://commons.wikimedia.org/w/index.php?curid=19147608,https://upload.wikimedia.org/wikipedia/commons/thumb/e/e6/Synanceia_verrucosa_Prague_2011_2.jpg/1024px-Synanceia_verrucosa_Prague_2011_2.jpg,By Karelj - Own work,CC BY-SA 3.0,https://creativecommons.org/licenses/by-sa/3.0/
Sevenspot archerfish,Toxotes chatareus,http://fishesofaustralia.net.au/home/species/681,http://fishesofaustralia.net.au/Images/Image/ToxotChatareusffish.asia.jpg,"Sevenspot Archerfish, Toxotes chatareus. Source: Dinh D. Tran, FiMSeA / http://ffish.asia.",CC BY 3.0,https://creativecommons.org/licenses/by/3.0/
Spotted sicklefish,Drepane punctata,http://www.fishbase.us/photos/ThumbnailsSummary.php?Genus=Drepane&Species=punctata#,http://www.fishbase.us/tools/UploadPhoto/uploads/1369794085_182.52.96.191.jpg,"Thailand, Kampuan market, Suksamran, Ranong , southern Thailand 2010,105mmSL, by Sahat Ratmuangkhwang",CC-BY,https://creativecommons.org/licenses/by/3.0/
Oxeye herring,Megalops cyprinoides,http://www.fishbase.us/photos/ThumbnailsSummary.php?Genus=Megalops&Species=cyprinoides#,http://www.fishbase.us/tools/UploadPhoto/uploads/1412085009_210.195.14.79.jpg,"Malaysia, Kota Marudu (Sabah), April 6, 2014, 28 cm , by M S Kamarudin",CC-BY,https://creativecommons.org/licenses/by/3.0/
Rainbow monocle bream,Scolopsis monogramma,http://www.fishbase.us/photos/ThumbnailsSummary.php?Genus=Scolopsis&Species=monogramma,http://www.fishbase.us/tools/UploadPhoto/uploads/Scolopsismonogramma2608.JPG,"Thailand, Siam Bay, 26-08-2011, 27cm, by Tatjana Krivenko",CC-BY,https://creativecommons.org/licenses/by/3.0/
Tripletail,Lobotes surinamensis,http://www.fishbase.us/photos/ThumbnailsSummary.php?Genus=Lobotes&Species=surinamensis,https://d1iraxgbwuhpbw.cloudfront.net/tools/uploadphoto/uploads/1364440107_119.73.71.243.jpg,"Pakistan, March 22, 2013, Off Ormara, by Muhammad Moazzam Khan",CC-BY,https://creativecommons.org/licenses/by/3.0/
Orangefin ponyfish,Photopectoralis bindus,http://www.fishbase.us/photos/ThumbnailsSummary.php?Genus=Photopectoralis&Species=bindus,https://d1iraxgbwuhpbw.cloudfront.net/tools/uploadphoto/uploads/1419054700_175.45.189.139.jpg,"Indonesia, Padikde Talango, Madura (Lat. -6.8865557; Lon. 113.654605); June, 1, 2013; 69.5 mm, by D.G.R. Wiadnya",CC-BY,https://creativecommons.org/licenses/by/3.0/
Bludger trevally,Carangoides gymnostethus,http://fishesofaustralia.net.au/home/species/4262,http://fishesofaustralia.net.au/Images/Image/CarangoidGymnostethRLS.jpg,"Bludger Trevally, Carangoides gymnostethus, at Mornington Island. Source: Rick Stuart-Smith / Reef Life Survey.",CC BY 3.0,https://creativecommons.org/licenses/by/3.0/
Ferocious puffer,Feroxodon multistriatus,http://fishesofaustralia.net.au/home/species/864,http://fishesofaustralia.net.au/Images/Image/FeroxodMultistriatAndyALewis.jpg,"A Ferocious Puffer, Feroxodon multistriatus, at Lizard Island, Great Barrier Reef, Queensland. Source: Andy Lewis / Lizard Island Research Station.",CC BY 3.0,https://creativecommons.org/licenses/by/3.0/
Striped scat,Selenotoca multifasciata,,,,,
Diamond trevally,Alectis indica,http://www.fishbase.us/photos/ThumbnailsSummary.php?Genus=Alectis&Species=indica,https://d1iraxgbwuhpbw.cloudfront.net/tools/uploadphoto/uploads/1367984638_182.52.96.221.jpg,"Thailand, Kampuan market, Suksamran, Ranong , southern Thailand 2010,207.0mmSL, by Sahat Ratmuangkhwang",CC-BY,https://creativecommons.org/licenses/by/3.0/
Threespin frogfish,Batrachomoeus trispinosus,http://fishesofaustralia.net.au/home/species/2836,http://fishesofaustralia.net.au/Images/Image/BatrachomTrispinosusffish.asia.jpg,"A Threespine Frogfish. Batrachomoeus trispinosus, from Can Tho, Ninh Kieu, An Lac Market, Vietnam. Source: Dinh D. Tran, FiMSeA / http://ffish.asia",CC BY 3.0,https://creativecommons.org/licenses/by/3.0/
Yellowfin tripodfish,Tripodichthys angustifrons,https://www.istockphoto.com/au/photo/bribie-island-yellowfin-tripodfish-gm871402082-145571307,,,,
Goldspotted sweetlips,Plectorhinchus flavomaculatus,http://www.fishbase.us/photos/ThumbnailsSummary.php?Genus=Plectorhinchus&Species=flavomaculatus,https://d1iraxgbwuhpbw.cloudfront.net/tools/uploadphoto/uploads/1390029991_182.178.45.209.jpg,"Pakistan, Karachi,17-1-14, 42 cm, by Hamid Badar Osmany",CC-BY,https://creativecommons.org/licenses/by/3.0/